Steel Cowbell,Musical Instruments,14.99,20
Classical Guitar,Musical Instruments,429.99,5
Drum Set,Musical Instruments,479.99,10
trumpet,Musical Instruments,159.99,15
Poop Bags Extra Thick,Pet Supplies,11.99,50
Pet Dog Bed,Pet Supplies,69.99,25
Milk-Bone Dog Treat,Pet Supplies,5.50,100
Gold Chain Dog Collar,Pet Supplies,32.99,25
Blow Dryer,Beauty and Personal Care,29.99,8
Sweat Block Deoderant,Beauty and Personal Care,7.50,12
Face Moisturizer,Beauty and Personal Care,9.50,5
Mascara,Beauty and Personal Care,5.79,80